--
-- PostgreSQL database dump
--

-- Dumped from database version 17.4
-- Dumped by pg_dump version 17.4

-- Started on 2025-05-08 14:07:19 CEST

SET statement_timeout = 0;
SET lock_timeout = 0;
SET idle_in_transaction_session_timeout = 0;
SET transaction_timeout = 0;
SET client_encoding = 'UTF8';
SET standard_conforming_strings = on;
SELECT pg_catalog.set_config('search_path', '', false);
SET check_function_bodies = false;
SET xmloption = content;
SET client_min_messages = warning;
SET row_security = off;

--
-- TOC entry 5 (class 2615 OID 2200)
-- Name: public; Type: SCHEMA; Schema: -; Owner: admin
--

-- *not* creating schema, since initdb creates it


ALTER SCHEMA public OWNER TO admin;

SET default_tablespace = '';

SET default_table_access_method = heap;

--
-- TOC entry 224 (class 1259 OID 55634)
-- Name: auth_group; Type: TABLE; Schema: public; Owner: admin
--

CREATE TABLE public.auth_group (
    id integer NOT NULL,
    name character varying(150) NOT NULL
);


ALTER TABLE public.auth_group OWNER TO admin;

--
-- TOC entry 223 (class 1259 OID 55633)
-- Name: auth_group_id_seq; Type: SEQUENCE; Schema: public; Owner: admin
--

ALTER TABLE public.auth_group ALTER COLUMN id ADD GENERATED BY DEFAULT AS IDENTITY (
    SEQUENCE NAME public.auth_group_id_seq
    START WITH 1
    INCREMENT BY 1
    NO MINVALUE
    NO MAXVALUE
    CACHE 1
);


--
-- TOC entry 226 (class 1259 OID 55642)
-- Name: auth_group_permissions; Type: TABLE; Schema: public; Owner: admin
--

CREATE TABLE public.auth_group_permissions (
    id bigint NOT NULL,
    group_id integer NOT NULL,
    permission_id integer NOT NULL
);


ALTER TABLE public.auth_group_permissions OWNER TO admin;

--
-- TOC entry 225 (class 1259 OID 55641)
-- Name: auth_group_permissions_id_seq; Type: SEQUENCE; Schema: public; Owner: admin
--

ALTER TABLE public.auth_group_permissions ALTER COLUMN id ADD GENERATED BY DEFAULT AS IDENTITY (
    SEQUENCE NAME public.auth_group_permissions_id_seq
    START WITH 1
    INCREMENT BY 1
    NO MINVALUE
    NO MAXVALUE
    CACHE 1
);


--
-- TOC entry 222 (class 1259 OID 55628)
-- Name: auth_permission; Type: TABLE; Schema: public; Owner: admin
--

CREATE TABLE public.auth_permission (
    id integer NOT NULL,
    name character varying(255) NOT NULL,
    content_type_id integer NOT NULL,
    codename character varying(100) NOT NULL
);


ALTER TABLE public.auth_permission OWNER TO admin;

--
-- TOC entry 221 (class 1259 OID 55627)
-- Name: auth_permission_id_seq; Type: SEQUENCE; Schema: public; Owner: admin
--

ALTER TABLE public.auth_permission ALTER COLUMN id ADD GENERATED BY DEFAULT AS IDENTITY (
    SEQUENCE NAME public.auth_permission_id_seq
    START WITH 1
    INCREMENT BY 1
    NO MINVALUE
    NO MAXVALUE
    CACHE 1
);


--
-- TOC entry 228 (class 1259 OID 55648)
-- Name: auth_user; Type: TABLE; Schema: public; Owner: admin
--

CREATE TABLE public.auth_user (
    id integer NOT NULL,
    password character varying(128) NOT NULL,
    last_login timestamp with time zone,
    is_superuser boolean NOT NULL,
    username character varying(150) NOT NULL,
    first_name character varying(150) NOT NULL,
    last_name character varying(150) NOT NULL,
    email character varying(254) NOT NULL,
    is_staff boolean NOT NULL,
    is_active boolean NOT NULL,
    date_joined timestamp with time zone NOT NULL
);


ALTER TABLE public.auth_user OWNER TO admin;

--
-- TOC entry 230 (class 1259 OID 55656)
-- Name: auth_user_groups; Type: TABLE; Schema: public; Owner: admin
--

CREATE TABLE public.auth_user_groups (
    id bigint NOT NULL,
    user_id integer NOT NULL,
    group_id integer NOT NULL
);


ALTER TABLE public.auth_user_groups OWNER TO admin;

--
-- TOC entry 229 (class 1259 OID 55655)
-- Name: auth_user_groups_id_seq; Type: SEQUENCE; Schema: public; Owner: admin
--

ALTER TABLE public.auth_user_groups ALTER COLUMN id ADD GENERATED BY DEFAULT AS IDENTITY (
    SEQUENCE NAME public.auth_user_groups_id_seq
    START WITH 1
    INCREMENT BY 1
    NO MINVALUE
    NO MAXVALUE
    CACHE 1
);


--
-- TOC entry 227 (class 1259 OID 55647)
-- Name: auth_user_id_seq; Type: SEQUENCE; Schema: public; Owner: admin
--

ALTER TABLE public.auth_user ALTER COLUMN id ADD GENERATED BY DEFAULT AS IDENTITY (
    SEQUENCE NAME public.auth_user_id_seq
    START WITH 1
    INCREMENT BY 1
    NO MINVALUE
    NO MAXVALUE
    CACHE 1
);


--
-- TOC entry 232 (class 1259 OID 55662)
-- Name: auth_user_user_permissions; Type: TABLE; Schema: public; Owner: admin
--

CREATE TABLE public.auth_user_user_permissions (
    id bigint NOT NULL,
    user_id integer NOT NULL,
    permission_id integer NOT NULL
);


ALTER TABLE public.auth_user_user_permissions OWNER TO admin;

--
-- TOC entry 231 (class 1259 OID 55661)
-- Name: auth_user_user_permissions_id_seq; Type: SEQUENCE; Schema: public; Owner: admin
--

ALTER TABLE public.auth_user_user_permissions ALTER COLUMN id ADD GENERATED BY DEFAULT AS IDENTITY (
    SEQUENCE NAME public.auth_user_user_permissions_id_seq
    START WITH 1
    INCREMENT BY 1
    NO MINVALUE
    NO MAXVALUE
    CACHE 1
);


--
-- TOC entry 234 (class 1259 OID 55720)
-- Name: django_admin_log; Type: TABLE; Schema: public; Owner: admin
--

CREATE TABLE public.django_admin_log (
    id integer NOT NULL,
    action_time timestamp with time zone NOT NULL,
    object_id text,
    object_repr character varying(200) NOT NULL,
    action_flag smallint NOT NULL,
    change_message text NOT NULL,
    content_type_id integer,
    user_id integer NOT NULL,
    CONSTRAINT django_admin_log_action_flag_check CHECK ((action_flag >= 0))
);


ALTER TABLE public.django_admin_log OWNER TO admin;

--
-- TOC entry 233 (class 1259 OID 55719)
-- Name: django_admin_log_id_seq; Type: SEQUENCE; Schema: public; Owner: admin
--

ALTER TABLE public.django_admin_log ALTER COLUMN id ADD GENERATED BY DEFAULT AS IDENTITY (
    SEQUENCE NAME public.django_admin_log_id_seq
    START WITH 1
    INCREMENT BY 1
    NO MINVALUE
    NO MAXVALUE
    CACHE 1
);


--
-- TOC entry 220 (class 1259 OID 55620)
-- Name: django_content_type; Type: TABLE; Schema: public; Owner: admin
--

CREATE TABLE public.django_content_type (
    id integer NOT NULL,
    app_label character varying(100) NOT NULL,
    model character varying(100) NOT NULL
);


ALTER TABLE public.django_content_type OWNER TO admin;

--
-- TOC entry 219 (class 1259 OID 55619)
-- Name: django_content_type_id_seq; Type: SEQUENCE; Schema: public; Owner: admin
--

ALTER TABLE public.django_content_type ALTER COLUMN id ADD GENERATED BY DEFAULT AS IDENTITY (
    SEQUENCE NAME public.django_content_type_id_seq
    START WITH 1
    INCREMENT BY 1
    NO MINVALUE
    NO MAXVALUE
    CACHE 1
);


--
-- TOC entry 218 (class 1259 OID 55612)
-- Name: django_migrations; Type: TABLE; Schema: public; Owner: admin
--

CREATE TABLE public.django_migrations (
    id bigint NOT NULL,
    app character varying(255) NOT NULL,
    name character varying(255) NOT NULL,
    applied timestamp with time zone NOT NULL
);


ALTER TABLE public.django_migrations OWNER TO admin;

--
-- TOC entry 217 (class 1259 OID 55611)
-- Name: django_migrations_id_seq; Type: SEQUENCE; Schema: public; Owner: admin
--

ALTER TABLE public.django_migrations ALTER COLUMN id ADD GENERATED BY DEFAULT AS IDENTITY (
    SEQUENCE NAME public.django_migrations_id_seq
    START WITH 1
    INCREMENT BY 1
    NO MINVALUE
    NO MAXVALUE
    CACHE 1
);


--
-- TOC entry 241 (class 1259 OID 55789)
-- Name: django_session; Type: TABLE; Schema: public; Owner: admin
--

CREATE TABLE public.django_session (
    session_key character varying(40) NOT NULL,
    session_data text NOT NULL,
    expire_date timestamp with time zone NOT NULL
);


ALTER TABLE public.django_session OWNER TO admin;

--
-- TOC entry 240 (class 1259 OID 55770)
-- Name: productos_archivoaudio; Type: TABLE; Schema: public; Owner: admin
--

CREATE TABLE public.productos_archivoaudio (
    id bigint NOT NULL,
    titulo character varying(100) NOT NULL,
    archivo character varying(100) NOT NULL,
    descripcion character varying(255) NOT NULL,
    instrumento_id bigint NOT NULL
);


ALTER TABLE public.productos_archivoaudio OWNER TO admin;

--
-- TOC entry 239 (class 1259 OID 55769)
-- Name: productos_archivoaudio_id_seq; Type: SEQUENCE; Schema: public; Owner: admin
--

ALTER TABLE public.productos_archivoaudio ALTER COLUMN id ADD GENERATED BY DEFAULT AS IDENTITY (
    SEQUENCE NAME public.productos_archivoaudio_id_seq
    START WITH 1
    INCREMENT BY 1
    NO MINVALUE
    NO MAXVALUE
    CACHE 1
);


--
-- TOC entry 236 (class 1259 OID 55749)
-- Name: productos_categoria; Type: TABLE; Schema: public; Owner: admin
--

CREATE TABLE public.productos_categoria (
    id bigint NOT NULL,
    nombre character varying(100) NOT NULL,
    slug character varying(100) NOT NULL,
    descripcion text NOT NULL
);


ALTER TABLE public.productos_categoria OWNER TO admin;

--
-- TOC entry 235 (class 1259 OID 55748)
-- Name: productos_categoria_id_seq; Type: SEQUENCE; Schema: public; Owner: admin
--

ALTER TABLE public.productos_categoria ALTER COLUMN id ADD GENERATED BY DEFAULT AS IDENTITY (
    SEQUENCE NAME public.productos_categoria_id_seq
    START WITH 1
    INCREMENT BY 1
    NO MINVALUE
    NO MAXVALUE
    CACHE 1
);


--
-- TOC entry 238 (class 1259 OID 55759)
-- Name: productos_instrumento; Type: TABLE; Schema: public; Owner: admin
--

CREATE TABLE public.productos_instrumento (
    id bigint NOT NULL,
    nombre character varying(200) NOT NULL,
    slug character varying(200) NOT NULL,
    descripcion text NOT NULL,
    precio numeric(10,2) NOT NULL,
    stock integer NOT NULL,
    disponible boolean NOT NULL,
    imagen character varying(100) NOT NULL,
    fecha_creacion timestamp with time zone NOT NULL,
    fecha_actualizacion timestamp with time zone NOT NULL,
    especificaciones jsonb,
    categoria_id bigint NOT NULL,
    CONSTRAINT productos_instrumento_stock_check CHECK ((stock >= 0))
);


ALTER TABLE public.productos_instrumento OWNER TO admin;

--
-- TOC entry 237 (class 1259 OID 55758)
-- Name: productos_instrumento_id_seq; Type: SEQUENCE; Schema: public; Owner: admin
--

ALTER TABLE public.productos_instrumento ALTER COLUMN id ADD GENERATED BY DEFAULT AS IDENTITY (
    SEQUENCE NAME public.productos_instrumento_id_seq
    START WITH 1
    INCREMENT BY 1
    NO MINVALUE
    NO MAXVALUE
    CACHE 1
);


--
-- TOC entry 243 (class 1259 OID 55799)
-- Name: usuarios_perfil; Type: TABLE; Schema: public; Owner: admin
--

CREATE TABLE public.usuarios_perfil (
    id bigint NOT NULL,
    telefono character varying(15) NOT NULL,
    direccion text NOT NULL,
    ciudad character varying(100) NOT NULL,
    codigo_postal character varying(10) NOT NULL,
    provincia character varying(100) NOT NULL,
    foto character varying(100),
    fecha_registro timestamp with time zone NOT NULL,
    user_id integer NOT NULL
);


ALTER TABLE public.usuarios_perfil OWNER TO admin;

--
-- TOC entry 242 (class 1259 OID 55798)
-- Name: usuarios_perfil_id_seq; Type: SEQUENCE; Schema: public; Owner: admin
--

ALTER TABLE public.usuarios_perfil ALTER COLUMN id ADD GENERATED BY DEFAULT AS IDENTITY (
    SEQUENCE NAME public.usuarios_perfil_id_seq
    START WITH 1
    INCREMENT BY 1
    NO MINVALUE
    NO MAXVALUE
    CACHE 1
);


--
-- TOC entry 3745 (class 0 OID 55634)
-- Dependencies: 224
-- Data for Name: auth_group; Type: TABLE DATA; Schema: public; Owner: admin
--

COPY public.auth_group (id, name) FROM stdin;
\.


--
-- TOC entry 3747 (class 0 OID 55642)
-- Dependencies: 226
-- Data for Name: auth_group_permissions; Type: TABLE DATA; Schema: public; Owner: admin
--

COPY public.auth_group_permissions (id, group_id, permission_id) FROM stdin;
\.


--
-- TOC entry 3743 (class 0 OID 55628)
-- Dependencies: 222
-- Data for Name: auth_permission; Type: TABLE DATA; Schema: public; Owner: admin
--

COPY public.auth_permission (id, name, content_type_id, codename) FROM stdin;
1	Can add log entry	1	add_logentry
2	Can change log entry	1	change_logentry
3	Can delete log entry	1	delete_logentry
4	Can view log entry	1	view_logentry
5	Can add permission	2	add_permission
6	Can change permission	2	change_permission
7	Can delete permission	2	delete_permission
8	Can view permission	2	view_permission
9	Can add group	3	add_group
10	Can change group	3	change_group
11	Can delete group	3	delete_group
12	Can view group	3	view_group
13	Can add user	4	add_user
14	Can change user	4	change_user
15	Can delete user	4	delete_user
16	Can view user	4	view_user
17	Can add content type	5	add_contenttype
18	Can change content type	5	change_contenttype
19	Can delete content type	5	delete_contenttype
20	Can view content type	5	view_contenttype
21	Can add session	6	add_session
22	Can change session	6	change_session
23	Can delete session	6	delete_session
24	Can view session	6	view_session
25	Can add Categoría	7	add_categoria
26	Can change Categoría	7	change_categoria
27	Can delete Categoría	7	delete_categoria
28	Can view Categoría	7	view_categoria
29	Can add Instrumento	8	add_instrumento
30	Can change Instrumento	8	change_instrumento
31	Can delete Instrumento	8	delete_instrumento
32	Can view Instrumento	8	view_instrumento
33	Can add Archivo de Audio	9	add_archivoaudio
34	Can change Archivo de Audio	9	change_archivoaudio
35	Can delete Archivo de Audio	9	delete_archivoaudio
36	Can view Archivo de Audio	9	view_archivoaudio
37	Can add Perfil	10	add_perfil
38	Can change Perfil	10	change_perfil
39	Can delete Perfil	10	delete_perfil
40	Can view Perfil	10	view_perfil
\.


--
-- TOC entry 3749 (class 0 OID 55648)
-- Dependencies: 228
-- Data for Name: auth_user; Type: TABLE DATA; Schema: public; Owner: admin
--

COPY public.auth_user (id, password, last_login, is_superuser, username, first_name, last_name, email, is_staff, is_active, date_joined) FROM stdin;
2	pbkdf2_sha256$870000$9sGZlhtH4mYLTMS2pAL2Yq$UQ5DSpZVbp32cERIjJUmwAjCbcWugdUTBOHEGUNVnHE=	2025-05-07 16:35:28.865517+02	f	franb02				f	t	2025-05-07 16:35:17.601682+02
1	pbkdf2_sha256$870000$aBNcKc48KEEhkjJfUbSDj6$uhBcanUTMLkK0OZEJSSJhVV4aJI4JlmDeJYQpQk3EBk=	2025-05-07 19:07:53.428525+02	t	admin			fbarrosos02@educarex.es	t	t	2025-05-07 15:23:30.342824+02
\.


--
-- TOC entry 3751 (class 0 OID 55656)
-- Dependencies: 230
-- Data for Name: auth_user_groups; Type: TABLE DATA; Schema: public; Owner: admin
--

COPY public.auth_user_groups (id, user_id, group_id) FROM stdin;
\.


--
-- TOC entry 3753 (class 0 OID 55662)
-- Dependencies: 232
-- Data for Name: auth_user_user_permissions; Type: TABLE DATA; Schema: public; Owner: admin
--

COPY public.auth_user_user_permissions (id, user_id, permission_id) FROM stdin;
\.


--
-- TOC entry 3755 (class 0 OID 55720)
-- Dependencies: 234
-- Data for Name: django_admin_log; Type: TABLE DATA; Schema: public; Owner: admin
--

COPY public.django_admin_log (id, action_time, object_id, object_repr, action_flag, change_message, content_type_id, user_id) FROM stdin;
1	2025-05-07 15:26:10.296435+02	1	Pianos	1	[{"added": {}}]	7	1
2	2025-05-07 15:26:23.982108+02	1	Piano de pared	1	[{"added": {}}]	8	1
3	2025-05-07 17:39:52.224726+02	2	Guitarras	1	[{"added": {}}]	7	1
4	2025-05-07 17:40:06.955597+02	3	Baterías	1	[{"added": {}}]	7	1
5	2025-05-07 17:41:14.052284+02	2	Guitarra Eléctrica	1	[{"added": {}}]	8	1
6	2025-05-07 17:42:14.513585+02	3	Batería	1	[{"added": {}}]	8	1
7	2025-05-07 17:43:49.453591+02	4	Teclado	1	[{"added": {}}]	8	1
\.


--
-- TOC entry 3741 (class 0 OID 55620)
-- Dependencies: 220
-- Data for Name: django_content_type; Type: TABLE DATA; Schema: public; Owner: admin
--

COPY public.django_content_type (id, app_label, model) FROM stdin;
1	admin	logentry
2	auth	permission
3	auth	group
4	auth	user
5	contenttypes	contenttype
6	sessions	session
7	productos	categoria
8	productos	instrumento
9	productos	archivoaudio
10	usuarios	perfil
\.


--
-- TOC entry 3739 (class 0 OID 55612)
-- Dependencies: 218
-- Data for Name: django_migrations; Type: TABLE DATA; Schema: public; Owner: admin
--

COPY public.django_migrations (id, app, name, applied) FROM stdin;
1	contenttypes	0001_initial	2025-05-07 15:16:43.148454+02
2	auth	0001_initial	2025-05-07 15:16:43.198984+02
3	admin	0001_initial	2025-05-07 15:16:43.210869+02
4	admin	0002_logentry_remove_auto_add	2025-05-07 15:16:43.215496+02
5	admin	0003_logentry_add_action_flag_choices	2025-05-07 15:16:43.222046+02
6	contenttypes	0002_remove_content_type_name	2025-05-07 15:16:43.237534+02
7	auth	0002_alter_permission_name_max_length	2025-05-07 15:16:43.247196+02
8	auth	0003_alter_user_email_max_length	2025-05-07 15:16:43.254847+02
9	auth	0004_alter_user_username_opts	2025-05-07 15:16:43.260828+02
10	auth	0005_alter_user_last_login_null	2025-05-07 15:16:43.270184+02
11	auth	0006_require_contenttypes_0002	2025-05-07 15:16:43.27121+02
12	auth	0007_alter_validators_add_error_messages	2025-05-07 15:16:43.277106+02
13	auth	0008_alter_user_username_max_length	2025-05-07 15:16:43.288267+02
14	auth	0009_alter_user_last_name_max_length	2025-05-07 15:16:43.294719+02
15	auth	0010_alter_group_name_max_length	2025-05-07 15:16:43.303596+02
16	auth	0011_update_proxy_permissions	2025-05-07 15:16:43.309295+02
17	auth	0012_alter_user_first_name_max_length	2025-05-07 15:16:43.323377+02
18	productos	0001_initial	2025-05-07 15:16:43.347184+02
19	sessions	0001_initial	2025-05-07 15:16:43.355471+02
20	usuarios	0001_initial	2025-05-07 15:16:43.376469+02
\.


--
-- TOC entry 3762 (class 0 OID 55789)
-- Dependencies: 241
-- Data for Name: django_session; Type: TABLE DATA; Schema: public; Owner: admin
--

COPY public.django_session (session_key, session_data, expire_date) FROM stdin;
\.


--
-- TOC entry 3761 (class 0 OID 55770)
-- Dependencies: 240
-- Data for Name: productos_archivoaudio; Type: TABLE DATA; Schema: public; Owner: admin
--

COPY public.productos_archivoaudio (id, titulo, archivo, descripcion, instrumento_id) FROM stdin;
\.


--
-- TOC entry 3757 (class 0 OID 55749)
-- Dependencies: 236
-- Data for Name: productos_categoria; Type: TABLE DATA; Schema: public; Owner: admin
--

COPY public.productos_categoria (id, nombre, slug, descripcion) FROM stdin;
1	Pianos	pianos	pianos de todo tipo
2	Guitarras	guitarras	
3	Baterías	baterias	
\.


--
-- TOC entry 3759 (class 0 OID 55759)
-- Dependencies: 238
-- Data for Name: productos_instrumento; Type: TABLE DATA; Schema: public; Owner: admin
--

COPY public.productos_instrumento (id, nombre, slug, descripcion, precio, stock, disponible, imagen, fecha_creacion, fecha_actualizacion, especificaciones, categoria_id) FROM stdin;
1	Piano de pared	piano-de-pared	piano de pared	1200.00	4	t	instrumentos/piano-vertical-yamaha-yus-series-modelo-yus3-negro-pulido.jpg	2025-05-07 15:26:23.977695+02	2025-05-07 15:26:23.97771+02	\N	1
2	Guitarra Eléctrica	guitarra-electrica	Guitarra Eléctrica	140.00	20	t	instrumentos/yamaha-pacifica-012-rm_Vm5XFWg.jpg	2025-05-07 17:41:14.051389+02	2025-05-07 17:41:14.051401+02	\N	2
3	Batería	bateria	Batería	160.00	10	t	instrumentos/bateria-musical-acustica-5-piezas-22-tambor-baquetas_eprrVTA.jpg	2025-05-07 17:42:14.512684+02	2025-05-07 17:42:14.512697+02	\N	3
4	Teclado	teclado	teclado digital	200.00	40	t	instrumentos/_63e64d1d68650.jpg	2025-05-07 17:43:49.452659+02	2025-05-07 17:43:49.452672+02	\N	1
\.


--
-- TOC entry 3764 (class 0 OID 55799)
-- Dependencies: 243
-- Data for Name: usuarios_perfil; Type: TABLE DATA; Schema: public; Owner: admin
--

COPY public.usuarios_perfil (id, telefono, direccion, ciudad, codigo_postal, provincia, foto, fecha_registro, user_id) FROM stdin;
2							2025-05-07 16:35:18.316324+02	2
1							2025-05-07 15:23:31.00983+02	1
\.


--
-- TOC entry 3770 (class 0 OID 0)
-- Dependencies: 223
-- Name: auth_group_id_seq; Type: SEQUENCE SET; Schema: public; Owner: admin
--

SELECT pg_catalog.setval('public.auth_group_id_seq', 1, false);


--
-- TOC entry 3771 (class 0 OID 0)
-- Dependencies: 225
-- Name: auth_group_permissions_id_seq; Type: SEQUENCE SET; Schema: public; Owner: admin
--

SELECT pg_catalog.setval('public.auth_group_permissions_id_seq', 1, false);


--
-- TOC entry 3772 (class 0 OID 0)
-- Dependencies: 221
-- Name: auth_permission_id_seq; Type: SEQUENCE SET; Schema: public; Owner: admin
--

SELECT pg_catalog.setval('public.auth_permission_id_seq', 40, true);


--
-- TOC entry 3773 (class 0 OID 0)
-- Dependencies: 229
-- Name: auth_user_groups_id_seq; Type: SEQUENCE SET; Schema: public; Owner: admin
--

SELECT pg_catalog.setval('public.auth_user_groups_id_seq', 1, false);


--
-- TOC entry 3774 (class 0 OID 0)
-- Dependencies: 227
-- Name: auth_user_id_seq; Type: SEQUENCE SET; Schema: public; Owner: admin
--

SELECT pg_catalog.setval('public.auth_user_id_seq', 2, true);


--
-- TOC entry 3775 (class 0 OID 0)
-- Dependencies: 231
-- Name: auth_user_user_permissions_id_seq; Type: SEQUENCE SET; Schema: public; Owner: admin
--

SELECT pg_catalog.setval('public.auth_user_user_permissions_id_seq', 1, false);


--
-- TOC entry 3776 (class 0 OID 0)
-- Dependencies: 233
-- Name: django_admin_log_id_seq; Type: SEQUENCE SET; Schema: public; Owner: admin
--

SELECT pg_catalog.setval('public.django_admin_log_id_seq', 7, true);


--
-- TOC entry 3777 (class 0 OID 0)
-- Dependencies: 219
-- Name: django_content_type_id_seq; Type: SEQUENCE SET; Schema: public; Owner: admin
--

SELECT pg_catalog.setval('public.django_content_type_id_seq', 10, true);


--
-- TOC entry 3778 (class 0 OID 0)
-- Dependencies: 217
-- Name: django_migrations_id_seq; Type: SEQUENCE SET; Schema: public; Owner: admin
--

SELECT pg_catalog.setval('public.django_migrations_id_seq', 20, true);


--
-- TOC entry 3779 (class 0 OID 0)
-- Dependencies: 239
-- Name: productos_archivoaudio_id_seq; Type: SEQUENCE SET; Schema: public; Owner: admin
--

SELECT pg_catalog.setval('public.productos_archivoaudio_id_seq', 1, false);


--
-- TOC entry 3780 (class 0 OID 0)
-- Dependencies: 235
-- Name: productos_categoria_id_seq; Type: SEQUENCE SET; Schema: public; Owner: admin
--

SELECT pg_catalog.setval('public.productos_categoria_id_seq', 3, true);


--
-- TOC entry 3781 (class 0 OID 0)
-- Dependencies: 237
-- Name: productos_instrumento_id_seq; Type: SEQUENCE SET; Schema: public; Owner: admin
--

SELECT pg_catalog.setval('public.productos_instrumento_id_seq', 4, true);


--
-- TOC entry 3782 (class 0 OID 0)
-- Dependencies: 242
-- Name: usuarios_perfil_id_seq; Type: SEQUENCE SET; Schema: public; Owner: admin
--

SELECT pg_catalog.setval('public.usuarios_perfil_id_seq', 2, true);


--
-- TOC entry 3529 (class 2606 OID 55746)
-- Name: auth_group auth_group_name_key; Type: CONSTRAINT; Schema: public; Owner: admin
--

ALTER TABLE ONLY public.auth_group
    ADD CONSTRAINT auth_group_name_key UNIQUE (name);


--
-- TOC entry 3534 (class 2606 OID 55677)
-- Name: auth_group_permissions auth_group_permissions_group_id_permission_id_0cd325b0_uniq; Type: CONSTRAINT; Schema: public; Owner: admin
--

ALTER TABLE ONLY public.auth_group_permissions
    ADD CONSTRAINT auth_group_permissions_group_id_permission_id_0cd325b0_uniq UNIQUE (group_id, permission_id);


--
-- TOC entry 3537 (class 2606 OID 55646)
-- Name: auth_group_permissions auth_group_permissions_pkey; Type: CONSTRAINT; Schema: public; Owner: admin
--

ALTER TABLE ONLY public.auth_group_permissions
    ADD CONSTRAINT auth_group_permissions_pkey PRIMARY KEY (id);


--
-- TOC entry 3531 (class 2606 OID 55638)
-- Name: auth_group auth_group_pkey; Type: CONSTRAINT; Schema: public; Owner: admin
--

ALTER TABLE ONLY public.auth_group
    ADD CONSTRAINT auth_group_pkey PRIMARY KEY (id);


--
-- TOC entry 3524 (class 2606 OID 55668)
-- Name: auth_permission auth_permission_content_type_id_codename_01ab375a_uniq; Type: CONSTRAINT; Schema: public; Owner: admin
--

ALTER TABLE ONLY public.auth_permission
    ADD CONSTRAINT auth_permission_content_type_id_codename_01ab375a_uniq UNIQUE (content_type_id, codename);


--
-- TOC entry 3526 (class 2606 OID 55632)
-- Name: auth_permission auth_permission_pkey; Type: CONSTRAINT; Schema: public; Owner: admin
--

ALTER TABLE ONLY public.auth_permission
    ADD CONSTRAINT auth_permission_pkey PRIMARY KEY (id);


--
-- TOC entry 3545 (class 2606 OID 55660)
-- Name: auth_user_groups auth_user_groups_pkey; Type: CONSTRAINT; Schema: public; Owner: admin
--

ALTER TABLE ONLY public.auth_user_groups
    ADD CONSTRAINT auth_user_groups_pkey PRIMARY KEY (id);


--
-- TOC entry 3548 (class 2606 OID 55692)
-- Name: auth_user_groups auth_user_groups_user_id_group_id_94350c0c_uniq; Type: CONSTRAINT; Schema: public; Owner: admin
--

ALTER TABLE ONLY public.auth_user_groups
    ADD CONSTRAINT auth_user_groups_user_id_group_id_94350c0c_uniq UNIQUE (user_id, group_id);


--
-- TOC entry 3539 (class 2606 OID 55652)
-- Name: auth_user auth_user_pkey; Type: CONSTRAINT; Schema: public; Owner: admin
--

ALTER TABLE ONLY public.auth_user
    ADD CONSTRAINT auth_user_pkey PRIMARY KEY (id);


--
-- TOC entry 3551 (class 2606 OID 55666)
-- Name: auth_user_user_permissions auth_user_user_permissions_pkey; Type: CONSTRAINT; Schema: public; Owner: admin
--

ALTER TABLE ONLY public.auth_user_user_permissions
    ADD CONSTRAINT auth_user_user_permissions_pkey PRIMARY KEY (id);


--
-- TOC entry 3554 (class 2606 OID 55706)
-- Name: auth_user_user_permissions auth_user_user_permissions_user_id_permission_id_14a6b632_uniq; Type: CONSTRAINT; Schema: public; Owner: admin
--

ALTER TABLE ONLY public.auth_user_user_permissions
    ADD CONSTRAINT auth_user_user_permissions_user_id_permission_id_14a6b632_uniq UNIQUE (user_id, permission_id);


--
-- TOC entry 3542 (class 2606 OID 55741)
-- Name: auth_user auth_user_username_key; Type: CONSTRAINT; Schema: public; Owner: admin
--

ALTER TABLE ONLY public.auth_user
    ADD CONSTRAINT auth_user_username_key UNIQUE (username);


--
-- TOC entry 3557 (class 2606 OID 55727)
-- Name: django_admin_log django_admin_log_pkey; Type: CONSTRAINT; Schema: public; Owner: admin
--

ALTER TABLE ONLY public.django_admin_log
    ADD CONSTRAINT django_admin_log_pkey PRIMARY KEY (id);


--
-- TOC entry 3519 (class 2606 OID 55626)
-- Name: django_content_type django_content_type_app_label_model_76bd3d3b_uniq; Type: CONSTRAINT; Schema: public; Owner: admin
--

ALTER TABLE ONLY public.django_content_type
    ADD CONSTRAINT django_content_type_app_label_model_76bd3d3b_uniq UNIQUE (app_label, model);


--
-- TOC entry 3521 (class 2606 OID 55624)
-- Name: django_content_type django_content_type_pkey; Type: CONSTRAINT; Schema: public; Owner: admin
--

ALTER TABLE ONLY public.django_content_type
    ADD CONSTRAINT django_content_type_pkey PRIMARY KEY (id);


--
-- TOC entry 3517 (class 2606 OID 55618)
-- Name: django_migrations django_migrations_pkey; Type: CONSTRAINT; Schema: public; Owner: admin
--

ALTER TABLE ONLY public.django_migrations
    ADD CONSTRAINT django_migrations_pkey PRIMARY KEY (id);


--
-- TOC entry 3575 (class 2606 OID 55795)
-- Name: django_session django_session_pkey; Type: CONSTRAINT; Schema: public; Owner: admin
--

ALTER TABLE ONLY public.django_session
    ADD CONSTRAINT django_session_pkey PRIMARY KEY (session_key);


--
-- TOC entry 3572 (class 2606 OID 55774)
-- Name: productos_archivoaudio productos_archivoaudio_pkey; Type: CONSTRAINT; Schema: public; Owner: admin
--

ALTER TABLE ONLY public.productos_archivoaudio
    ADD CONSTRAINT productos_archivoaudio_pkey PRIMARY KEY (id);


--
-- TOC entry 3560 (class 2606 OID 55755)
-- Name: productos_categoria productos_categoria_pkey; Type: CONSTRAINT; Schema: public; Owner: admin
--

ALTER TABLE ONLY public.productos_categoria
    ADD CONSTRAINT productos_categoria_pkey PRIMARY KEY (id);


--
-- TOC entry 3563 (class 2606 OID 55757)
-- Name: productos_categoria productos_categoria_slug_key; Type: CONSTRAINT; Schema: public; Owner: admin
--

ALTER TABLE ONLY public.productos_categoria
    ADD CONSTRAINT productos_categoria_slug_key UNIQUE (slug);


--
-- TOC entry 3566 (class 2606 OID 55766)
-- Name: productos_instrumento productos_instrumento_pkey; Type: CONSTRAINT; Schema: public; Owner: admin
--

ALTER TABLE ONLY public.productos_instrumento
    ADD CONSTRAINT productos_instrumento_pkey PRIMARY KEY (id);


--
-- TOC entry 3569 (class 2606 OID 55768)
-- Name: productos_instrumento productos_instrumento_slug_key; Type: CONSTRAINT; Schema: public; Owner: admin
--

ALTER TABLE ONLY public.productos_instrumento
    ADD CONSTRAINT productos_instrumento_slug_key UNIQUE (slug);


--
-- TOC entry 3578 (class 2606 OID 55805)
-- Name: usuarios_perfil usuarios_perfil_pkey; Type: CONSTRAINT; Schema: public; Owner: admin
--

ALTER TABLE ONLY public.usuarios_perfil
    ADD CONSTRAINT usuarios_perfil_pkey PRIMARY KEY (id);


--
-- TOC entry 3580 (class 2606 OID 55807)
-- Name: usuarios_perfil usuarios_perfil_user_id_key; Type: CONSTRAINT; Schema: public; Owner: admin
--

ALTER TABLE ONLY public.usuarios_perfil
    ADD CONSTRAINT usuarios_perfil_user_id_key UNIQUE (user_id);


--
-- TOC entry 3527 (class 1259 OID 55747)
-- Name: auth_group_name_a6ea08ec_like; Type: INDEX; Schema: public; Owner: admin
--

CREATE INDEX auth_group_name_a6ea08ec_like ON public.auth_group USING btree (name varchar_pattern_ops);


--
-- TOC entry 3532 (class 1259 OID 55688)
-- Name: auth_group_permissions_group_id_b120cbf9; Type: INDEX; Schema: public; Owner: admin
--

CREATE INDEX auth_group_permissions_group_id_b120cbf9 ON public.auth_group_permissions USING btree (group_id);


--
-- TOC entry 3535 (class 1259 OID 55689)
-- Name: auth_group_permissions_permission_id_84c5c92e; Type: INDEX; Schema: public; Owner: admin
--

CREATE INDEX auth_group_permissions_permission_id_84c5c92e ON public.auth_group_permissions USING btree (permission_id);


--
-- TOC entry 3522 (class 1259 OID 55674)
-- Name: auth_permission_content_type_id_2f476e4b; Type: INDEX; Schema: public; Owner: admin
--

CREATE INDEX auth_permission_content_type_id_2f476e4b ON public.auth_permission USING btree (content_type_id);


--
-- TOC entry 3543 (class 1259 OID 55704)
-- Name: auth_user_groups_group_id_97559544; Type: INDEX; Schema: public; Owner: admin
--

CREATE INDEX auth_user_groups_group_id_97559544 ON public.auth_user_groups USING btree (group_id);


--
-- TOC entry 3546 (class 1259 OID 55703)
-- Name: auth_user_groups_user_id_6a12ed8b; Type: INDEX; Schema: public; Owner: admin
--

CREATE INDEX auth_user_groups_user_id_6a12ed8b ON public.auth_user_groups USING btree (user_id);


--
-- TOC entry 3549 (class 1259 OID 55718)
-- Name: auth_user_user_permissions_permission_id_1fbb5f2c; Type: INDEX; Schema: public; Owner: admin
--

CREATE INDEX auth_user_user_permissions_permission_id_1fbb5f2c ON public.auth_user_user_permissions USING btree (permission_id);


--
-- TOC entry 3552 (class 1259 OID 55717)
-- Name: auth_user_user_permissions_user_id_a95ead1b; Type: INDEX; Schema: public; Owner: admin
--

CREATE INDEX auth_user_user_permissions_user_id_a95ead1b ON public.auth_user_user_permissions USING btree (user_id);


--
-- TOC entry 3540 (class 1259 OID 55742)
-- Name: auth_user_username_6821ab7c_like; Type: INDEX; Schema: public; Owner: admin
--

CREATE INDEX auth_user_username_6821ab7c_like ON public.auth_user USING btree (username varchar_pattern_ops);


--
-- TOC entry 3555 (class 1259 OID 55738)
-- Name: django_admin_log_content_type_id_c4bce8eb; Type: INDEX; Schema: public; Owner: admin
--

CREATE INDEX django_admin_log_content_type_id_c4bce8eb ON public.django_admin_log USING btree (content_type_id);


--
-- TOC entry 3558 (class 1259 OID 55739)
-- Name: django_admin_log_user_id_c564eba6; Type: INDEX; Schema: public; Owner: admin
--

CREATE INDEX django_admin_log_user_id_c564eba6 ON public.django_admin_log USING btree (user_id);


--
-- TOC entry 3573 (class 1259 OID 55797)
-- Name: django_session_expire_date_a5c62663; Type: INDEX; Schema: public; Owner: admin
--

CREATE INDEX django_session_expire_date_a5c62663 ON public.django_session USING btree (expire_date);


--
-- TOC entry 3576 (class 1259 OID 55796)
-- Name: django_session_session_key_c0390e0f_like; Type: INDEX; Schema: public; Owner: admin
--

CREATE INDEX django_session_session_key_c0390e0f_like ON public.django_session USING btree (session_key varchar_pattern_ops);


--
-- TOC entry 3570 (class 1259 OID 55788)
-- Name: productos_archivoaudio_instrumento_id_ec703434; Type: INDEX; Schema: public; Owner: admin
--

CREATE INDEX productos_archivoaudio_instrumento_id_ec703434 ON public.productos_archivoaudio USING btree (instrumento_id);


--
-- TOC entry 3561 (class 1259 OID 55775)
-- Name: productos_categoria_slug_07ad9f01_like; Type: INDEX; Schema: public; Owner: admin
--

CREATE INDEX productos_categoria_slug_07ad9f01_like ON public.productos_categoria USING btree (slug varchar_pattern_ops);


--
-- TOC entry 3564 (class 1259 OID 55782)
-- Name: productos_instrumento_categoria_id_97f61270; Type: INDEX; Schema: public; Owner: admin
--

CREATE INDEX productos_instrumento_categoria_id_97f61270 ON public.productos_instrumento USING btree (categoria_id);


--
-- TOC entry 3567 (class 1259 OID 55781)
-- Name: productos_instrumento_slug_680a120b_like; Type: INDEX; Schema: public; Owner: admin
--

CREATE INDEX productos_instrumento_slug_680a120b_like ON public.productos_instrumento USING btree (slug varchar_pattern_ops);


--
-- TOC entry 3582 (class 2606 OID 55683)
-- Name: auth_group_permissions auth_group_permissio_permission_id_84c5c92e_fk_auth_perm; Type: FK CONSTRAINT; Schema: public; Owner: admin
--

ALTER TABLE ONLY public.auth_group_permissions
    ADD CONSTRAINT auth_group_permissio_permission_id_84c5c92e_fk_auth_perm FOREIGN KEY (permission_id) REFERENCES public.auth_permission(id) DEFERRABLE INITIALLY DEFERRED;


--
-- TOC entry 3583 (class 2606 OID 55678)
-- Name: auth_group_permissions auth_group_permissions_group_id_b120cbf9_fk_auth_group_id; Type: FK CONSTRAINT; Schema: public; Owner: admin
--

ALTER TABLE ONLY public.auth_group_permissions
    ADD CONSTRAINT auth_group_permissions_group_id_b120cbf9_fk_auth_group_id FOREIGN KEY (group_id) REFERENCES public.auth_group(id) DEFERRABLE INITIALLY DEFERRED;


--
-- TOC entry 3581 (class 2606 OID 55669)
-- Name: auth_permission auth_permission_content_type_id_2f476e4b_fk_django_co; Type: FK CONSTRAINT; Schema: public; Owner: admin
--

ALTER TABLE ONLY public.auth_permission
    ADD CONSTRAINT auth_permission_content_type_id_2f476e4b_fk_django_co FOREIGN KEY (content_type_id) REFERENCES public.django_content_type(id) DEFERRABLE INITIALLY DEFERRED;


--
-- TOC entry 3584 (class 2606 OID 55698)
-- Name: auth_user_groups auth_user_groups_group_id_97559544_fk_auth_group_id; Type: FK CONSTRAINT; Schema: public; Owner: admin
--

ALTER TABLE ONLY public.auth_user_groups
    ADD CONSTRAINT auth_user_groups_group_id_97559544_fk_auth_group_id FOREIGN KEY (group_id) REFERENCES public.auth_group(id) DEFERRABLE INITIALLY DEFERRED;


--
-- TOC entry 3585 (class 2606 OID 55693)
-- Name: auth_user_groups auth_user_groups_user_id_6a12ed8b_fk_auth_user_id; Type: FK CONSTRAINT; Schema: public; Owner: admin
--

ALTER TABLE ONLY public.auth_user_groups
    ADD CONSTRAINT auth_user_groups_user_id_6a12ed8b_fk_auth_user_id FOREIGN KEY (user_id) REFERENCES public.auth_user(id) DEFERRABLE INITIALLY DEFERRED;


--
-- TOC entry 3586 (class 2606 OID 55712)
-- Name: auth_user_user_permissions auth_user_user_permi_permission_id_1fbb5f2c_fk_auth_perm; Type: FK CONSTRAINT; Schema: public; Owner: admin
--

ALTER TABLE ONLY public.auth_user_user_permissions
    ADD CONSTRAINT auth_user_user_permi_permission_id_1fbb5f2c_fk_auth_perm FOREIGN KEY (permission_id) REFERENCES public.auth_permission(id) DEFERRABLE INITIALLY DEFERRED;


--
-- TOC entry 3587 (class 2606 OID 55707)
-- Name: auth_user_user_permissions auth_user_user_permissions_user_id_a95ead1b_fk_auth_user_id; Type: FK CONSTRAINT; Schema: public; Owner: admin
--

ALTER TABLE ONLY public.auth_user_user_permissions
    ADD CONSTRAINT auth_user_user_permissions_user_id_a95ead1b_fk_auth_user_id FOREIGN KEY (user_id) REFERENCES public.auth_user(id) DEFERRABLE INITIALLY DEFERRED;


--
-- TOC entry 3588 (class 2606 OID 55728)
-- Name: django_admin_log django_admin_log_content_type_id_c4bce8eb_fk_django_co; Type: FK CONSTRAINT; Schema: public; Owner: admin
--

ALTER TABLE ONLY public.django_admin_log
    ADD CONSTRAINT django_admin_log_content_type_id_c4bce8eb_fk_django_co FOREIGN KEY (content_type_id) REFERENCES public.django_content_type(id) DEFERRABLE INITIALLY DEFERRED;


--
-- TOC entry 3589 (class 2606 OID 55733)
-- Name: django_admin_log django_admin_log_user_id_c564eba6_fk_auth_user_id; Type: FK CONSTRAINT; Schema: public; Owner: admin
--

ALTER TABLE ONLY public.django_admin_log
    ADD CONSTRAINT django_admin_log_user_id_c564eba6_fk_auth_user_id FOREIGN KEY (user_id) REFERENCES public.auth_user(id) DEFERRABLE INITIALLY DEFERRED;


--
-- TOC entry 3591 (class 2606 OID 55783)
-- Name: productos_archivoaudio productos_archivoaud_instrumento_id_ec703434_fk_productos; Type: FK CONSTRAINT; Schema: public; Owner: admin
--

ALTER TABLE ONLY public.productos_archivoaudio
    ADD CONSTRAINT productos_archivoaud_instrumento_id_ec703434_fk_productos FOREIGN KEY (instrumento_id) REFERENCES public.productos_instrumento(id) DEFERRABLE INITIALLY DEFERRED;


--
-- TOC entry 3590 (class 2606 OID 55776)
-- Name: productos_instrumento productos_instrument_categoria_id_97f61270_fk_productos; Type: FK CONSTRAINT; Schema: public; Owner: admin
--

ALTER TABLE ONLY public.productos_instrumento
    ADD CONSTRAINT productos_instrument_categoria_id_97f61270_fk_productos FOREIGN KEY (categoria_id) REFERENCES public.productos_categoria(id) DEFERRABLE INITIALLY DEFERRED;


--
-- TOC entry 3592 (class 2606 OID 55808)
-- Name: usuarios_perfil usuarios_perfil_user_id_f343affd_fk_auth_user_id; Type: FK CONSTRAINT; Schema: public; Owner: admin
--

ALTER TABLE ONLY public.usuarios_perfil
    ADD CONSTRAINT usuarios_perfil_user_id_f343affd_fk_auth_user_id FOREIGN KEY (user_id) REFERENCES public.auth_user(id) DEFERRABLE INITIALLY DEFERRED;


-- Completed on 2025-05-08 14:07:19 CEST

--
-- PostgreSQL database dump complete
--

